{
  "ram": [
    {
      "file": "t2.speakers.wav",
      "audio_duration": 10.602666666666666,
      "transcription_time": 20.144497871398926,
      "diarization_time": 2.234206199645996,
      "total_time": 22.378704071044922,
      "processing_ratio": 2.1106675117308464,
      "peak_ram_gb": 1.6981430053710938,
      "expected_speakers": 3,
      "detected_speakers": 2,
      "speaker_error": 1,
      "speed_pass": false,
      "ram_pass": true,
      "accuracy_pass": true
    }
  ],
  "speed": [
    {
      "file": "t2.speakers.wav",
      "audio_duration": 10.602666666666666,
      "transcription_time": 20.144497871398926,
      "diarization_time": 2.234206199645996,
      "total_time": 22.378704071044922,
      "processing_ratio": 2.1106675117308464,
      "peak_ram_gb": 1.6981430053710938,
      "expected_speakers": 3,
      "detected_speakers": 2,
      "speaker_error": 1,
      "speed_pass": false,
      "ram_pass": true,
      "accuracy_pass": true
    }
  ],
  "accuracy": [
    {
      "file": "t2.speakers.wav",
      "audio_duration": 10.602666666666666,
      "transcription_time": 20.144497871398926,
      "diarization_time": 2.234206199645996,
      "total_time": 22.378704071044922,
      "processing_ratio": 2.1106675117308464,
      "peak_ram_gb": 1.6981430053710938,
      "expected_speakers": 3,
      "detected_speakers": 2,
      "speaker_error": 1,
      "speed_pass": false,
      "ram_pass": true,
      "accuracy_pass": true
    }
  ],
  "initialization": {
    "time_seconds": 14.734790802001953,
    "ram_gb": 0.0
  }
}