{
  "ram": [
    {
      "file": "d.speakers.wav",
      "audio_duration": 21.056,
      "transcription_time": 26.196033239364624,
      "diarization_time": 15.53323745727539,
      "total_time": 41.729270696640015,
      "processing_ratio": 1.9818232663677817,
      "peak_ram_gb": 2.6240386962890625,
      "expected_speakers": 2,
      "detected_speakers": 2,
      "speaker_error": 0,
      "speed_pass": true,
      "ram_pass": true,
      "accuracy_pass": true
    }
  ],
  "speed": [
    {
      "file": "d.speakers.wav",
      "audio_duration": 21.056,
      "transcription_time": 26.196033239364624,
      "diarization_time": 15.53323745727539,
      "total_time": 41.729270696640015,
      "processing_ratio": 1.9818232663677817,
      "peak_ram_gb": 2.6240386962890625,
      "expected_speakers": 2,
      "detected_speakers": 2,
      "speaker_error": 0,
      "speed_pass": true,
      "ram_pass": true,
      "accuracy_pass": true
    }
  ],
  "accuracy": [
    {
      "file": "d.speakers.wav",
      "audio_duration": 21.056,
      "transcription_time": 26.196033239364624,
      "diarization_time": 15.53323745727539,
      "total_time": 41.729270696640015,
      "processing_ratio": 1.9818232663677817,
      "peak_ram_gb": 2.6240386962890625,
      "expected_speakers": 2,
      "detected_speakers": 2,
      "speaker_error": 0,
      "speed_pass": true,
      "ram_pass": true,
      "accuracy_pass": true
    }
  ],
  "initialization": {
    "time_seconds": 15.40273642539978,
    "ram_gb": 0.0
  }
}