{
  "ram": [
    {
      "file": "t.speakers.wav",
      "audio_duration": 9.258666666666667,
      "transcription_time": 20.95781922340393,
      "diarization_time": 1.2485437393188477,
      "total_time": 22.20636296272278,
      "processing_ratio": 2.3984407001788717,
      "peak_ram_gb": 1.5446739196777344,
      "expected_speakers": 3,
      "detected_speakers": 2,
      "speaker_error": 1,
      "speed_pass": false,
      "ram_pass": true,
      "accuracy_pass": true
    }
  ],
  "speed": [
    {
      "file": "t.speakers.wav",
      "audio_duration": 9.258666666666667,
      "transcription_time": 20.95781922340393,
      "diarization_time": 1.2485437393188477,
      "total_time": 22.20636296272278,
      "processing_ratio": 2.3984407001788717,
      "peak_ram_gb": 1.5446739196777344,
      "expected_speakers": 3,
      "detected_speakers": 2,
      "speaker_error": 1,
      "speed_pass": false,
      "ram_pass": true,
      "accuracy_pass": true
    }
  ],
  "accuracy": [
    {
      "file": "t.speakers.wav",
      "audio_duration": 9.258666666666667,
      "transcription_time": 20.95781922340393,
      "diarization_time": 1.2485437393188477,
      "total_time": 22.20636296272278,
      "processing_ratio": 2.3984407001788717,
      "peak_ram_gb": 1.5446739196777344,
      "expected_speakers": 3,
      "detected_speakers": 2,
      "speaker_error": 1,
      "speed_pass": false,
      "ram_pass": true,
      "accuracy_pass": true
    }
  ],
  "initialization": {
    "time_seconds": 15.824736833572388,
    "ram_gb": 0.0
  }
}