{
  "ram": [
    {
      "file": "d.speakers.wav",
      "audio_duration": 21.056,
      "transcription_time": 32.47571086883545,
      "diarization_time": 16.058656215667725,
      "total_time": 48.534367084503174,
      "processing_ratio": 2.3050136343324077,
      "peak_ram_gb": 2.4892234802246094,
      "expected_speakers": 2,
      "detected_speakers": 1,
      "speaker_error": 1,
      "speed_pass": false,
      "ram_pass": true,
      "accuracy_pass": true
    }
  ],
  "speed": [
    {
      "file": "d.speakers.wav",
      "audio_duration": 21.056,
      "transcription_time": 32.47571086883545,
      "diarization_time": 16.058656215667725,
      "total_time": 48.534367084503174,
      "processing_ratio": 2.3050136343324077,
      "peak_ram_gb": 2.4892234802246094,
      "expected_speakers": 2,
      "detected_speakers": 1,
      "speaker_error": 1,
      "speed_pass": false,
      "ram_pass": true,
      "accuracy_pass": true
    }
  ],
  "accuracy": [
    {
      "file": "d.speakers.wav",
      "audio_duration": 21.056,
      "transcription_time": 32.47571086883545,
      "diarization_time": 16.058656215667725,
      "total_time": 48.534367084503174,
      "processing_ratio": 2.3050136343324077,
      "peak_ram_gb": 2.4892234802246094,
      "expected_speakers": 2,
      "detected_speakers": 1,
      "speaker_error": 1,
      "speed_pass": false,
      "ram_pass": true,
      "accuracy_pass": true
    }
  ],
  "initialization": {
    "time_seconds": 51.36283874511719,
    "ram_gb": 0.0
  }
}